dataset,model,prompting,definition,macro_f1_score,percentage_of_problematic_generations
hatecheck,gemma2_2b_it,zero-shot,hatecheck_no_definition,0.741,0.0
hatecheck,gemma2_2b_it,zero-shot,hatecheck_hsc,0.845,0.0
hatecheck,gemma2_2b_it,few-shot-random,hatecheck_no_definition,0.789,0.0
hatecheck,gemma2_2b_it,few-shot-random,hatecheck_hsc,0.787,0.0
hatecheck,gemma2_2b_it,few-shot-diverse,hatecheck_no_definition,0.855,0.0
hatecheck,gemma2_2b_it,few-shot-diverse,hatecheck_hsc,0.848,0.0
hatecheck,gemma2_2b_it,few-shot-nearest-query,hatecheck_no_definition,0.841,0.0
hatecheck,gemma2_2b_it,few-shot-nearest-query,hatecheck_hsc,0.81,0.0
hatecheck_bulgaria,gemma2_2b_it,zero-shot,bulgaria_no_definition,0.442,0.0
hatecheck_bulgaria,gemma2_2b_it,zero-shot,bulgaria_hsc,0.543,0.0
hatecheck_bulgaria,gemma2_2b_it,zero-shot,bulgaria_hsc_target_excluded,0.536,0.0
hatecheck_bulgaria,gemma2_2b_it,few-shot-random,bulgaria_no_definition,0.552,0.0
hatecheck_bulgaria,gemma2_2b_it,few-shot-random,bulgaria_hsc,0.56,0.0
hatecheck_bulgaria,gemma2_2b_it,few-shot-random,bulgaria_hsc_target_excluded,0.554,0.0
hatecheck_bulgaria,gemma2_2b_it,few-shot-diverse,bulgaria_no_definition,0.579,0.0
hatecheck_bulgaria,gemma2_2b_it,few-shot-diverse,bulgaria_hsc,0.577,0.0
hatecheck_bulgaria,gemma2_2b_it,few-shot-diverse,bulgaria_hsc_target_excluded,0.578,0.0
hatecheck_bulgaria,gemma2_2b_it,few-shot-nearest-query,bulgaria_no_definition,0.592,0.0
hatecheck_bulgaria,gemma2_2b_it,few-shot-nearest-query,bulgaria_hsc,0.57,0.0
hatecheck_bulgaria,gemma2_2b_it,few-shot-nearest-query,bulgaria_hsc_target_excluded,0.566,0.0
hatecheck_reddit,gemma2_2b_it,zero-shot,reddit_no_definition,0.628,0.0
hatecheck_reddit,gemma2_2b_it,zero-shot,reddit_hsc,0.733,0.0
hatecheck_reddit,gemma2_2b_it,few-shot-random,reddit_no_definition,0.728,0.0
hatecheck_reddit,gemma2_2b_it,few-shot-random,reddit_hsc,0.722,0.0
hatecheck_reddit,gemma2_2b_it,few-shot-diverse,reddit_no_definition,0.752,0.0
hatecheck_reddit,gemma2_2b_it,few-shot-diverse,reddit_hsc,0.751,0.0
hatecheck_reddit,gemma2_2b_it,few-shot-nearest-query,reddit_no_definition,0.746,0.0
hatecheck_reddit,gemma2_2b_it,few-shot-nearest-query,reddit_hsc,0.717,0.0
hatecheck,llama3_2_3b_instruct,zero-shot,hatecheck_no_definition,0.796,0.001
hatecheck,llama3_2_3b_instruct,zero-shot,hatecheck_hsc,0.78,0.0
hatecheck,llama3_2_3b_instruct,few-shot-random,hatecheck_no_definition,0.854,0.001
hatecheck,llama3_2_3b_instruct,few-shot-random,hatecheck_hsc,0.834,0.0
hatecheck,llama3_2_3b_instruct,few-shot-diverse,hatecheck_no_definition,0.875,0.002
hatecheck,llama3_2_3b_instruct,few-shot-diverse,hatecheck_hsc,0.853,0.0
hatecheck,llama3_2_3b_instruct,few-shot-nearest-query,hatecheck_no_definition,0.929,0.0
hatecheck,llama3_2_3b_instruct,few-shot-nearest-query,hatecheck_hsc,0.92,0.0
hatecheck_bulgaria,llama3_2_3b_instruct,zero-shot,bulgaria_no_definition,0.487,0.0
hatecheck_bulgaria,llama3_2_3b_instruct,zero-shot,bulgaria_hsc,0.496,0.0
hatecheck_bulgaria,llama3_2_3b_instruct,zero-shot,bulgaria_hsc_target_excluded,0.484,0.0
hatecheck_bulgaria,llama3_2_3b_instruct,few-shot-random,bulgaria_no_definition,0.586,0.003
hatecheck_bulgaria,llama3_2_3b_instruct,few-shot-random,bulgaria_hsc,0.541,0.0
hatecheck_bulgaria,llama3_2_3b_instruct,few-shot-random,bulgaria_hsc_target_excluded,0.555,0.0
hatecheck_bulgaria,llama3_2_3b_instruct,few-shot-diverse,bulgaria_no_definition,0.62,0.002
hatecheck_bulgaria,llama3_2_3b_instruct,few-shot-diverse,bulgaria_hsc,0.593,0.001
hatecheck_bulgaria,llama3_2_3b_instruct,few-shot-diverse,bulgaria_hsc_target_excluded,0.601,0.0
hatecheck_bulgaria,llama3_2_3b_instruct,few-shot-nearest-query,bulgaria_no_definition,0.697,0.0
hatecheck_bulgaria,llama3_2_3b_instruct,few-shot-nearest-query,bulgaria_hsc,0.702,0.0
hatecheck_bulgaria,llama3_2_3b_instruct,few-shot-nearest-query,bulgaria_hsc_target_excluded,0.709,0.0
hatecheck_reddit,llama3_2_3b_instruct,zero-shot,reddit_no_definition,0.681,0.0
hatecheck_reddit,llama3_2_3b_instruct,zero-shot,reddit_hsc,0.68,0.0
hatecheck_reddit,llama3_2_3b_instruct,few-shot-random,reddit_no_definition,0.772,0.001
hatecheck_reddit,llama3_2_3b_instruct,few-shot-random,reddit_hsc,0.743,0.0
hatecheck_reddit,llama3_2_3b_instruct,few-shot-diverse,reddit_no_definition,0.783,0.002
hatecheck_reddit,llama3_2_3b_instruct,few-shot-diverse,reddit_hsc,0.755,0.0
hatecheck_reddit,llama3_2_3b_instruct,few-shot-nearest-query,reddit_no_definition,0.806,0.0
hatecheck_reddit,llama3_2_3b_instruct,few-shot-nearest-query,reddit_hsc,0.825,0.0
hatecheck,qwen2_5_3b_instruct,zero-shot,hatecheck_no_definition,0.835,0.0
hatecheck,qwen2_5_3b_instruct,zero-shot,hatecheck_hsc,0.805,0.0
hatecheck,qwen2_5_3b_instruct,few-shot-random,hatecheck_no_definition,0.766,0.0
hatecheck,qwen2_5_3b_instruct,few-shot-random,hatecheck_hsc,0.804,0.0
hatecheck,qwen2_5_3b_instruct,few-shot-diverse,hatecheck_no_definition,0.675,0.0
hatecheck,qwen2_5_3b_instruct,few-shot-diverse,hatecheck_hsc,0.756,0.0
hatecheck,qwen2_5_3b_instruct,few-shot-nearest-query,hatecheck_no_definition,0.896,0.0
hatecheck,qwen2_5_3b_instruct,few-shot-nearest-query,hatecheck_hsc,0.898,0.0
hatecheck_bulgaria,qwen2_5_3b_instruct,zero-shot,bulgaria_no_definition,0.546,0.0
hatecheck_bulgaria,qwen2_5_3b_instruct,zero-shot,bulgaria_hsc,0.597,0.0
hatecheck_bulgaria,qwen2_5_3b_instruct,zero-shot,bulgaria_hsc_target_excluded,0.603,0.0
hatecheck_bulgaria,qwen2_5_3b_instruct,few-shot-random,bulgaria_no_definition,0.692,0.0
hatecheck_bulgaria,qwen2_5_3b_instruct,few-shot-random,bulgaria_hsc,0.659,0.0
hatecheck_bulgaria,qwen2_5_3b_instruct,few-shot-random,bulgaria_hsc_target_excluded,0.674,0.0
hatecheck_bulgaria,qwen2_5_3b_instruct,few-shot-diverse,bulgaria_no_definition,0.737,0.0
hatecheck_bulgaria,qwen2_5_3b_instruct,few-shot-diverse,bulgaria_hsc,0.734,0.0
hatecheck_bulgaria,qwen2_5_3b_instruct,few-shot-diverse,bulgaria_hsc_target_excluded,0.759,0.0
hatecheck_bulgaria,qwen2_5_3b_instruct,few-shot-nearest-query,bulgaria_no_definition,0.7,0.0
hatecheck_bulgaria,qwen2_5_3b_instruct,few-shot-nearest-query,bulgaria_hsc,0.658,0.0
hatecheck_bulgaria,qwen2_5_3b_instruct,few-shot-nearest-query,bulgaria_hsc_target_excluded,0.687,0.0
hatecheck_reddit,qwen2_5_3b_instruct,zero-shot,reddit_no_definition,0.736,0.0
hatecheck_reddit,qwen2_5_3b_instruct,zero-shot,reddit_hsc,0.758,0.0
hatecheck_reddit,qwen2_5_3b_instruct,few-shot-random,reddit_no_definition,0.716,0.0
hatecheck_reddit,qwen2_5_3b_instruct,few-shot-random,reddit_hsc,0.77,0.0
hatecheck_reddit,qwen2_5_3b_instruct,few-shot-diverse,reddit_no_definition,0.696,0.0
hatecheck_reddit,qwen2_5_3b_instruct,few-shot-diverse,reddit_hsc,0.74,0.0
hatecheck_reddit,qwen2_5_3b_instruct,few-shot-nearest-query,reddit_no_definition,0.787,0.0
hatecheck_reddit,qwen2_5_3b_instruct,few-shot-nearest-query,reddit_hsc,0.8,0.0
