dataset,model,definition,prompting,overall_confidence,confidence_correctly_labeled,confidence_incorrectly_labeled
hatecheck,gemma2_2b_it,hatecheck_no_definition,zero-shot,0.9961532746285087,0.9977714681440444,0.9898887399463807
hatecheck,gemma2_2b_it,hatecheck_no_definition,few-shot-random,0.9972594936708862,0.9985168389463155,0.9913212598425197
hatecheck,gemma2_2b_it,hatecheck_no_definition,few-shot-diverse,0.9948717666483214,0.9964816803537586,0.9839807692307693
hatecheck,gemma2_2b_it,hatecheck_no_definition,few-shot-nearest-query,0.9956510731975784,0.9977554140127389,0.9822753036437246
hatecheck,gemma2_2b_it,hatecheck_hsc,zero-shot,0.9946230049532196,0.9958333333333333,0.9868571428571429
hatecheck,gemma2_2b_it,hatecheck_hsc,few-shot-random,0.997216290588883,0.9980968927497494,0.9931045241809672
hatecheck,gemma2_2b_it,hatecheck_hsc,few-shot-diverse,0.9943260869565218,0.9963197581928096,0.9815641547861507
hatecheck,gemma2_2b_it,hatecheck_hsc,few-shot-nearest-query,0.995985140341222,0.9975729712041885,0.9875899653979239
hatecheck,llama3_2_3b_instruct,hatecheck_no_definition,zero-shot,0.976941046831956,0.9879877280265338,0.9227853658536586
hatecheck,llama3_2_3b_instruct,hatecheck_no_definition,few-shot-random,0.9809559350041311,0.9894894087891243,0.9232820512820513
hatecheck,llama3_2_3b_instruct,hatecheck_no_definition,few-shot-diverse,0.977407499310725,0.9853682737169519,0.9152864077669903
hatecheck,llama3_2_3b_instruct,hatecheck_no_definition,few-shot-nearest-query,0.9806732727773191,0.9862092062555325,0.9037827868852457
hatecheck,llama3_2_3b_instruct,hatecheck_hsc,zero-shot,0.97173637864612,0.9869224051058113,0.9029254185692541
hatecheck,llama3_2_3b_instruct,hatecheck_hsc,few-shot-random,0.9796067694001103,0.9887867009315772,0.9247562380038388
hatecheck,llama3_2_3b_instruct,hatecheck_hsc,few-shot-diverse,0.9780660429279032,0.988181990521327,0.9097995735607677
hatecheck,llama3_2_3b_instruct,hatecheck_hsc,few-shot-nearest-query,0.9789383599339571,0.9874463914463915,0.8716479400749062
hatecheck,qwen2_5_3b_instruct,hatecheck_no_definition,zero-shot,0.9796725371491469,0.9871989680748146,0.9358836772983113
hatecheck,qwen2_5_3b_instruct,hatecheck_no_definition,few-shot-random,0.9694537699504677,0.9731459304410184,0.9572674556213019
hatecheck,qwen2_5_3b_instruct,hatecheck_no_definition,few-shot-diverse,0.9739584479911942,0.9730675895765474,0.9758157894736842
hatecheck,qwen2_5_3b_instruct,hatecheck_no_definition,few-shot-nearest-query,0.9826582278481013,0.986642835319279,0.9465318559556788
hatecheck,qwen2_5_3b_instruct,hatecheck_hsc,zero-shot,0.9719061640066043,0.9820090391697355,0.9252642967542504
hatecheck,qwen2_5_3b_instruct,hatecheck_hsc,few-shot-random,0.9646587782058338,0.971223617237869,0.9364978165938865
hatecheck,qwen2_5_3b_instruct,hatecheck_hsc,few-shot-diverse,0.9659889928453494,0.970958560523446,0.9505062287655718
hatecheck,qwen2_5_3b_instruct,hatecheck_hsc,few-shot-nearest-query,0.982962300495322,0.9891451563923475,0.9232551319648094
hatecheck_bulgaria,gemma2_2b_it,bulgaria_no_definition,zero-shot,0.9961532746285087,0.9969532882606024,0.9955047334329847
hatecheck_bulgaria,gemma2_2b_it,bulgaria_no_definition,few-shot-random,0.9949312052834343,0.9959620947630923,0.9936623695518723
hatecheck_bulgaria,gemma2_2b_it,bulgaria_no_definition,few-shot-diverse,0.9923654375343974,0.9943296912114016,0.9896612164813604
hatecheck_bulgaria,gemma2_2b_it,bulgaria_no_definition,few-shot-nearest-query,0.9936494221243809,0.9957807710171854,0.9905509790681971
hatecheck_bulgaria,gemma2_2b_it,bulgaria_hsc,zero-shot,0.9939229499174463,0.9956232911392406,0.9918987341772152
hatecheck_bulgaria,gemma2_2b_it,bulgaria_hsc,few-shot-random,0.9943802971931757,0.9955036855036856,0.9929505941213259
hatecheck_bulgaria,gemma2_2b_it,bulgaria_hsc,few-shot-diverse,0.9938558062740783,0.9954301382927994,0.991707872478855
hatecheck_bulgaria,gemma2_2b_it,bulgaria_hsc,few-shot-nearest-query,0.9937531645569622,0.9957577220077221,0.9910941101152368
hatecheck_bulgaria,llama3_2_3b_instruct,bulgaria_no_definition,zero-shot,0.976966428178316,0.9825247747747747,0.9716533907427342
hatecheck_bulgaria,llama3_2_3b_instruct,bulgaria_no_definition,few-shot-random,0.9710532707700801,0.9813085955847817,0.9564390896921018
hatecheck_bulgaria,llama3_2_3b_instruct,bulgaria_no_definition,few-shot-diverse,0.9620995038588755,0.9765317180616739,0.9379749631811487
hatecheck_bulgaria,llama3_2_3b_instruct,bulgaria_no_definition,few-shot-nearest-query,0.9652127132636213,0.9755459459459459,0.9395775862068966
hatecheck_bulgaria,llama3_2_3b_instruct,bulgaria_hsc,zero-shot,0.9717616951018163,0.9838435599778884,0.9597857534246574
hatecheck_bulgaria,llama3_2_3b_instruct,bulgaria_hsc,few-shot-random,0.973178640242224,0.984172852058973,0.9601980792316928
hatecheck_bulgaria,llama3_2_3b_instruct,bulgaria_hsc,few-shot-diverse,0.961757642522721,0.9768264692272096,0.9396054421768708
hatecheck_bulgaria,llama3_2_3b_instruct,bulgaria_hsc,few-shot-nearest-query,0.9619113924050634,0.9767453703703705,0.9250115163147793
hatecheck_bulgaria,qwen2_5_3b_instruct,bulgaria_no_definition,zero-shot,0.9796725371491469,0.9879808660624371,0.9696601941747572
hatecheck_bulgaria,qwen2_5_3b_instruct,bulgaria_no_definition,few-shot-random,0.9622520638414971,0.9755613636363636,0.9269034205231388
hatecheck_bulgaria,qwen2_5_3b_instruct,bulgaria_no_definition,few-shot-diverse,0.9596040176114474,0.9746654892264218,0.9065043586550436
hatecheck_bulgaria,qwen2_5_3b_instruct,bulgaria_no_definition,few-shot-nearest-query,0.9700671436433682,0.9826096256684491,0.9377480314960629
hatecheck_bulgaria,qwen2_5_3b_instruct,bulgaria_hsc,zero-shot,0.9708668134287287,0.9826785878037598,0.953136958017894
hatecheck_bulgaria,qwen2_5_3b_instruct,bulgaria_hsc,few-shot-random,0.9575066042927902,0.9748150406504066,0.9212385008517888
hatecheck_bulgaria,qwen2_5_3b_instruct,bulgaria_hsc,few-shot-diverse,0.9629212988442488,0.9789034482758621,0.9128293515358361
hatecheck_bulgaria,qwen2_5_3b_instruct,bulgaria_hsc,few-shot-nearest-query,0.9764702806824436,0.9870024803637868,0.9555012345679013
hatecheck_reddit,gemma2_2b_it,reddit_no_definition,zero-shot,0.9961532746285087,0.9976159240924093,0.9932231404958676
hatecheck_reddit,gemma2_2b_it,reddit_no_definition,few-shot-random,0.995733076499725,0.9975404002965161,0.9905235042735044
hatecheck_reddit,gemma2_2b_it,reddit_no_definition,few-shot-diverse,0.9932173913043479,0.9955890658942795,0.9857052752293579
hatecheck_reddit,gemma2_2b_it,reddit_no_definition,few-shot-nearest-query,0.9944713813979087,0.9967755176171448,0.9872712826333713
hatecheck_reddit,gemma2_2b_it,reddit_hsc,zero-shot,0.9939375343973583,0.9959716390423573,0.9879281828073992
hatecheck_reddit,gemma2_2b_it,reddit_hsc,few-shot-random,0.9958624105668685,0.997190227527042,0.9921269674711438
hatecheck_reddit,gemma2_2b_it,reddit_hsc,few-shot-diverse,0.9936232801320859,0.9953842810575878,0.9880538373424973
hatecheck_reddit,gemma2_2b_it,reddit_hsc,few-shot-nearest-query,0.9951700605393506,0.9970769230769231,0.9899256965944273
hatecheck_reddit,llama3_2_3b_instruct,reddit_no_definition,zero-shot,0.9769600880814754,0.9873352803738317,0.9519427230046948
hatecheck_reddit,llama3_2_3b_instruct,reddit_no_definition,few-shot-random,0.9780330669605952,0.9862929507616013,0.9491029776674937
hatecheck_reddit,llama3_2_3b_instruct,reddit_no_definition,few-shot-diverse,0.9698572216097022,0.978851644506648,0.9364727272727272
hatecheck_reddit,llama3_2_3b_instruct,reddit_no_definition,few-shot-nearest-query,0.9664221243808475,0.976027294438758,0.9263755334281649
hatecheck_reddit,llama3_2_3b_instruct,reddit_hsc,zero-shot,0.972153824986241,0.9869590003904725,0.9368173345759553
hatecheck_reddit,llama3_2_3b_instruct,reddit_hsc,few-shot-random,0.9749237544728875,0.9856606946983547,0.9422227171492205
hatecheck_reddit,llama3_2_3b_instruct,reddit_hsc,few-shot-diverse,0.9695209135938361,0.9818707238026646,0.9295029171528589
hatecheck_reddit,llama3_2_3b_instruct,reddit_hsc,few-shot-nearest-query,0.966504127682994,0.9772813852813852,0.915213946117274
hatecheck_reddit,qwen2_5_3b_instruct,reddit_no_definition,zero-shot,0.9796725371491469,0.9871922651933703,0.9574570184983677
hatecheck_reddit,qwen2_5_3b_instruct,reddit_no_definition,few-shot-random,0.9694975233902035,0.9736790359602143,0.9587813725490196
hatecheck_reddit,qwen2_5_3b_instruct,reddit_no_definition,few-shot-diverse,0.9602424325811777,0.9657779078844652,0.9470130597014924
hatecheck_reddit,qwen2_5_3b_instruct,reddit_no_definition,few-shot-nearest-query,0.9730258668134286,0.9788037775445959,0.9517109677419355
hatecheck_reddit,qwen2_5_3b_instruct,reddit_hsc,zero-shot,0.9691598789212987,0.9807059248554914,0.9322551963048499
hatecheck_reddit,qwen2_5_3b_instruct,reddit_hsc,few-shot-random,0.9701780407264722,0.9784239285714287,0.9424940047961631
hatecheck_reddit,qwen2_5_3b_instruct,reddit_hsc,few-shot-diverse,0.9565489818381949,0.9653067507418396,0.9313773987206823
hatecheck_reddit,qwen2_5_3b_instruct,reddit_hsc,few-shot-nearest-query,0.9777256466703358,0.9838412752828247,0.9528451882845187
