dataset,model,definition,prompting,target_indiv_nh,counter_quote_nh,target_group_nh,counter_ref_nh,derog_impl_h,slur_reclaimed_nh,ref_subs_sent_h,ref_subs_clause_h,slur_h,phrase_question_h,negate_pos_h,profanity_h,derog_neg_attrib_h,derog_neg_emote_h,threat_norm_h,phrase_opinion_h,threat_dir_h,derog_dehum_h,negate_neg_nh,profanity_nh,slur_homonym_nh,target_obj_nh,ident_pos_nh,ident_neutral_nh
hatecheck,gemma2_2b_it,hatecheck_no_definition,zero-shot,0.015,0.213,0.016,0.304,0.972,0.198,1.0,1.0,1.0,1.0,0.994,1.0,1.0,1.0,1.0,1.0,1.0,1.0,0.602,0.41,0.533,0.738,0.658,0.833
hatecheck,gemma2_2b_it,hatecheck_no_definition,few-shot-random,0.138,0.053,0.145,0.164,0.906,0.321,1.0,1.0,0.965,1.0,0.994,1.0,0.994,0.994,1.0,1.0,1.0,1.0,0.702,0.75,0.567,0.831,0.971,1.0
hatecheck,gemma2_2b_it,hatecheck_no_definition,few-shot-diverse,0.323,0.295,0.355,0.596,0.767,0.407,0.977,0.994,0.958,0.989,0.983,0.967,0.956,0.933,0.994,0.988,1.0,0.989,0.965,0.86,0.7,0.954,1.0,1.0
hatecheck,gemma2_2b_it,hatecheck_no_definition,few-shot-nearest-query,0.077,0.242,0.081,0.415,0.994,0.963,1.0,0.967,0.993,0.972,1.0,1.0,1.0,0.983,1.0,1.0,0.982,1.0,0.825,0.9,1.0,0.662,0.955,0.846
hatecheck,gemma2_2b_it,hatecheck_hsc,zero-shot,0.4,0.372,0.484,0.404,0.817,0.272,0.994,1.0,0.986,0.994,0.983,0.989,0.983,0.961,1.0,1.0,0.994,0.994,0.754,0.93,0.7,0.985,0.938,1.0
hatecheck,gemma2_2b_it,hatecheck_hsc,few-shot-random,0.169,0.029,0.177,0.123,0.906,0.309,1.0,1.0,0.965,1.0,0.994,1.0,0.994,0.994,1.0,1.0,1.0,1.0,0.667,0.84,0.633,0.862,0.955,1.0
hatecheck,gemma2_2b_it,hatecheck_hsc,few-shot-diverse,0.369,0.261,0.435,0.52,0.783,0.42,0.977,0.994,0.938,0.983,0.989,0.939,0.939,0.928,0.994,0.994,1.0,0.989,0.883,0.94,0.733,0.969,1.0,1.0
hatecheck,gemma2_2b_it,hatecheck_hsc,few-shot-nearest-query,0.015,0.126,0.048,0.251,1.0,0.914,1.0,0.989,1.0,0.972,1.0,1.0,1.0,0.994,1.0,1.0,0.988,0.994,0.749,0.92,0.967,0.615,0.942,0.772
hatecheck,llama3_2_3b_instruct,hatecheck_no_definition,zero-shot,0.046,0.309,0.065,0.351,0.95,0.42,1.0,0.989,0.993,0.994,1.0,1.0,0.994,0.989,1.0,1.0,1.0,1.0,0.69,0.54,0.967,0.615,0.786,0.994
hatecheck,llama3_2_3b_instruct,hatecheck_no_definition,few-shot-random,0.185,0.377,0.484,0.421,0.817,0.667,0.971,0.994,0.938,0.989,0.989,1.0,0.967,0.967,1.0,1.0,1.0,0.989,0.819,0.85,1.0,0.908,0.959,1.0
hatecheck,llama3_2_3b_instruct,hatecheck_no_definition,few-shot-diverse,0.246,0.546,0.548,0.497,0.806,0.741,0.953,0.983,0.895,0.978,0.978,0.983,0.95,0.883,1.0,0.994,1.0,0.972,0.924,0.96,1.0,0.938,0.979,1.0
hatecheck,llama3_2_3b_instruct,hatecheck_no_definition,few-shot-nearest-query,0.477,0.913,0.79,0.825,0.85,0.951,0.924,0.989,0.903,0.856,0.983,0.978,0.9,0.933,0.972,0.988,0.953,0.967,0.977,1.0,1.0,1.0,0.996,1.0
hatecheck,llama3_2_3b_instruct,hatecheck_hsc,zero-shot,0.185,0.082,0.29,0.076,0.939,0.444,0.994,1.0,0.993,1.0,1.0,1.0,0.989,0.961,1.0,1.0,1.0,1.0,0.602,0.8,0.967,0.877,0.802,1.0
hatecheck,llama3_2_3b_instruct,hatecheck_hsc,few-shot-random,0.292,0.232,0.548,0.292,0.889,0.63,0.971,0.994,0.938,0.994,0.994,0.994,0.961,0.95,1.0,1.0,1.0,0.989,0.702,0.89,1.0,0.908,0.947,1.0
hatecheck,llama3_2_3b_instruct,hatecheck_hsc,few-shot-diverse,0.308,0.295,0.565,0.351,0.883,0.654,0.965,0.994,0.931,0.983,0.994,0.994,0.983,0.911,1.0,1.0,1.0,0.983,0.854,0.91,1.0,0.923,0.967,1.0
hatecheck,llama3_2_3b_instruct,hatecheck_hsc,few-shot-nearest-query,0.431,0.812,0.645,0.649,0.9,0.889,0.977,1.0,0.951,0.928,0.978,0.978,0.911,0.961,0.967,1.0,0.965,0.983,0.953,0.98,1.0,0.985,0.996,1.0
hatecheck,qwen2_5_3b_instruct,hatecheck_no_definition,zero-shot,0.077,0.628,0.274,0.503,0.844,0.543,0.895,0.9,0.84,0.944,0.961,0.983,0.972,0.967,0.983,1.0,1.0,1.0,0.865,0.68,0.8,0.8,0.86,1.0
hatecheck,qwen2_5_3b_instruct,hatecheck_no_definition,few-shot-random,0.354,0.889,0.694,0.912,0.428,1.0,0.491,0.611,0.361,0.689,0.617,0.644,0.511,0.822,0.894,0.772,0.994,0.9,0.982,0.99,1.0,0.985,0.988,1.0
hatecheck,qwen2_5_3b_instruct,hatecheck_no_definition,few-shot-diverse,0.754,0.928,0.823,0.988,0.228,1.0,0.322,0.456,0.215,0.533,0.4,0.5,0.278,0.467,0.783,0.719,0.912,0.678,1.0,1.0,1.0,1.0,1.0,1.0
hatecheck,qwen2_5_3b_instruct,hatecheck_no_definition,few-shot-nearest-query,0.431,0.966,0.468,0.912,0.8,1.0,0.918,0.811,0.604,0.894,0.828,0.95,0.867,0.911,0.978,0.971,0.988,0.95,0.982,0.99,1.0,1.0,0.988,0.988
hatecheck,qwen2_5_3b_instruct,hatecheck_hsc,zero-shot,0.369,0.353,0.565,0.409,0.744,0.654,0.836,0.822,0.701,0.917,0.933,0.833,0.933,0.922,0.961,0.971,0.994,0.989,0.801,0.94,0.8,0.969,0.914,1.0
hatecheck,qwen2_5_3b_instruct,hatecheck_hsc,few-shot-random,0.446,0.618,0.694,0.661,0.628,0.963,0.608,0.733,0.458,0.806,0.806,0.733,0.817,0.889,0.939,0.871,0.988,0.978,0.906,1.0,1.0,1.0,0.975,1.0
hatecheck,qwen2_5_3b_instruct,hatecheck_hsc,few-shot-diverse,0.769,0.734,0.758,0.842,0.422,0.963,0.532,0.6,0.306,0.678,0.656,0.617,0.606,0.622,0.85,0.819,0.953,0.939,0.982,1.0,1.0,1.0,0.984,1.0
hatecheck,qwen2_5_3b_instruct,hatecheck_hsc,few-shot-nearest-query,0.292,0.787,0.419,0.69,0.922,0.988,0.959,0.861,0.722,0.944,0.989,0.967,0.972,0.967,0.983,0.994,0.994,0.994,0.848,1.0,1.0,0.938,0.975,0.975
hatecheck_bulgaria,gemma2_2b_it,bulgaria_no_definition,zero-shot,0.015,0.213,0.016,0.304,0.472,0.198,0.444,0.444,0.389,0.444,0.45,0.444,0.444,0.444,0.444,0.444,0.444,0.444,0.602,0.41,0.533,0.738,0.658,0.833
hatecheck_bulgaria,gemma2_2b_it,bulgaria_no_definition,few-shot-random,0.308,0.343,0.403,0.45,0.528,0.444,0.48,0.456,0.417,0.45,0.461,0.489,0.5,0.467,0.444,0.468,0.444,0.45,0.801,0.9,0.733,0.938,0.996,1.0
hatecheck_bulgaria,gemma2_2b_it,bulgaria_no_definition,few-shot-diverse,0.338,0.338,0.452,0.602,0.578,0.457,0.491,0.45,0.431,0.472,0.5,0.522,0.583,0.533,0.45,0.497,0.45,0.456,0.842,0.88,0.733,0.954,0.992,1.0
hatecheck_bulgaria,gemma2_2b_it,bulgaria_no_definition,few-shot-nearest-query,0.585,0.367,0.435,0.632,0.578,1.0,0.45,0.456,0.507,0.483,0.478,0.494,0.533,0.506,0.456,0.462,0.48,0.478,0.854,0.94,1.0,0.938,0.967,0.883
hatecheck_bulgaria,gemma2_2b_it,bulgaria_hsc,zero-shot,0.4,0.372,0.452,0.404,0.539,0.284,0.456,0.456,0.41,0.45,0.461,0.472,0.461,0.489,0.45,0.444,0.45,0.45,0.76,0.94,0.7,0.985,0.947,1.0
hatecheck_bulgaria,gemma2_2b_it,bulgaria_hsc,few-shot-random,0.4,0.314,0.484,0.392,0.539,0.444,0.497,0.456,0.444,0.45,0.483,0.517,0.517,0.494,0.444,0.468,0.444,0.456,0.789,0.97,0.733,0.985,0.996,1.0
hatecheck_bulgaria,gemma2_2b_it,bulgaria_hsc,few-shot-diverse,0.415,0.28,0.532,0.497,0.594,0.444,0.497,0.461,0.465,0.472,0.517,0.528,0.561,0.539,0.45,0.497,0.456,0.467,0.789,0.97,0.7,0.985,0.979,1.0
hatecheck_bulgaria,gemma2_2b_it,bulgaria_hsc,few-shot-nearest-query,0.523,0.295,0.323,0.526,0.528,1.0,0.444,0.444,0.556,0.489,0.467,0.478,0.533,0.461,0.444,0.456,0.462,0.472,0.825,0.97,1.0,0.923,0.963,0.827
hatecheck_bulgaria,llama3_2_3b_instruct,bulgaria_no_definition,zero-shot,0.046,0.309,0.065,0.351,0.483,0.42,0.444,0.456,0.396,0.45,0.444,0.444,0.45,0.456,0.444,0.444,0.444,0.444,0.69,0.54,0.967,0.615,0.786,0.994
hatecheck_bulgaria,llama3_2_3b_instruct,bulgaria_no_definition,few-shot-random,0.308,0.556,0.597,0.491,0.506,0.679,0.473,0.467,0.5,0.464,0.453,0.461,0.517,0.514,0.45,0.459,0.444,0.453,0.947,0.94,1.0,0.923,0.975,1.0
hatecheck_bulgaria,llama3_2_3b_instruct,bulgaria_no_definition,few-shot-diverse,0.385,0.662,0.677,0.585,0.533,0.79,0.526,0.478,0.576,0.544,0.489,0.489,0.539,0.542,0.444,0.491,0.447,0.483,0.959,0.95,1.0,0.923,1.0,1.0
hatecheck_bulgaria,llama3_2_3b_instruct,bulgaria_no_definition,few-shot-nearest-query,0.754,0.913,0.919,0.865,0.678,0.975,0.52,0.544,0.604,0.539,0.511,0.572,0.589,0.656,0.572,0.503,0.591,0.55,0.977,1.0,1.0,1.0,1.0,1.0
hatecheck_bulgaria,llama3_2_3b_instruct,bulgaria_hsc,zero-shot,0.277,0.126,0.371,0.146,0.494,0.494,0.45,0.444,0.41,0.444,0.444,0.45,0.456,0.483,0.444,0.444,0.444,0.444,0.655,0.87,0.967,0.892,0.831,1.0
hatecheck_bulgaria,llama3_2_3b_instruct,bulgaria_hsc,few-shot-random,0.338,0.232,0.532,0.333,0.506,0.617,0.468,0.45,0.451,0.444,0.453,0.456,0.483,0.506,0.444,0.444,0.444,0.45,0.789,0.92,1.0,0.908,0.938,1.0
hatecheck_bulgaria,llama3_2_3b_instruct,bulgaria_hsc,few-shot-diverse,0.477,0.362,0.677,0.392,0.522,0.741,0.526,0.478,0.562,0.483,0.492,0.517,0.583,0.528,0.444,0.491,0.444,0.506,0.871,0.94,1.0,0.954,0.988,1.0
hatecheck_bulgaria,llama3_2_3b_instruct,bulgaria_hsc,few-shot-nearest-query,0.831,0.821,0.887,0.778,0.644,0.963,0.538,0.522,0.688,0.606,0.55,0.6,0.611,0.711,0.55,0.532,0.544,0.544,0.971,1.0,1.0,1.0,1.0,1.0
hatecheck_bulgaria,qwen2_5_3b_instruct,bulgaria_no_definition,zero-shot,0.077,0.628,0.274,0.503,0.511,0.543,0.468,0.478,0.396,0.467,0.45,0.461,0.461,0.456,0.45,0.444,0.444,0.444,0.865,0.68,0.8,0.8,0.86,1.0
hatecheck_bulgaria,qwen2_5_3b_instruct,bulgaria_no_definition,few-shot-random,0.585,0.841,0.823,0.871,0.644,1.0,0.632,0.611,0.694,0.639,0.65,0.567,0.694,0.6,0.5,0.585,0.48,0.6,0.988,0.99,1.0,1.0,0.992,1.0
hatecheck_bulgaria,qwen2_5_3b_instruct,bulgaria_no_definition,few-shot-diverse,0.754,0.918,0.758,0.947,0.683,1.0,0.702,0.722,0.694,0.678,0.722,0.7,0.728,0.683,0.539,0.655,0.503,0.767,0.977,1.0,1.0,1.0,0.988,1.0
hatecheck_bulgaria,qwen2_5_3b_instruct,bulgaria_no_definition,few-shot-nearest-query,0.738,0.981,0.742,0.947,0.739,1.0,0.538,0.528,0.708,0.594,0.533,0.572,0.6,0.489,0.572,0.608,0.503,0.539,0.988,1.0,1.0,1.0,0.988,0.988
hatecheck_bulgaria,qwen2_5_3b_instruct,bulgaria_hsc,zero-shot,0.4,0.459,0.581,0.462,0.583,0.691,0.538,0.567,0.521,0.5,0.528,0.528,0.533,0.533,0.478,0.48,0.45,0.461,0.83,0.97,0.867,0.969,0.926,1.0
hatecheck_bulgaria,qwen2_5_3b_instruct,bulgaria_hsc,few-shot-random,0.738,0.623,0.774,0.655,0.633,0.963,0.573,0.556,0.75,0.578,0.622,0.572,0.617,0.533,0.467,0.526,0.439,0.489,0.977,1.0,1.0,1.0,0.979,1.0
hatecheck_bulgaria,qwen2_5_3b_instruct,bulgaria_hsc,few-shot-diverse,0.831,0.725,0.758,0.754,0.722,0.975,0.678,0.722,0.806,0.667,0.739,0.667,0.833,0.633,0.539,0.62,0.491,0.683,0.947,1.0,1.0,1.0,0.979,1.0
hatecheck_bulgaria,qwen2_5_3b_instruct,bulgaria_hsc,few-shot-nearest-query,0.769,0.845,0.565,0.807,0.661,1.0,0.474,0.428,0.688,0.522,0.483,0.556,0.578,0.472,0.5,0.532,0.456,0.511,0.901,1.0,1.0,0.969,0.975,0.981
hatecheck_reddit,gemma2_2b_it,reddit_no_definition,zero-shot,0.015,0.213,0.016,0.304,0.794,0.198,0.778,0.778,1.0,0.778,0.783,0.778,0.778,0.778,0.778,0.778,0.778,0.778,0.602,0.41,0.533,0.738,0.658,0.833
hatecheck_reddit,gemma2_2b_it,reddit_no_definition,few-shot-random,0.262,0.266,0.29,0.363,0.75,0.383,0.789,0.794,0.958,0.789,0.783,0.794,0.789,0.794,0.783,0.784,0.778,0.778,0.784,0.86,0.667,0.938,0.996,1.0
hatecheck_reddit,gemma2_2b_it,reddit_no_definition,few-shot-diverse,0.369,0.227,0.516,0.567,0.672,0.469,0.778,0.783,0.938,0.778,0.789,0.778,0.794,0.8,0.783,0.784,0.784,0.783,0.883,0.94,0.733,0.969,1.0,1.0
hatecheck_reddit,gemma2_2b_it,reddit_no_definition,few-shot-nearest-query,0.431,0.28,0.355,0.462,0.778,0.963,0.766,0.728,0.993,0.733,0.778,0.778,0.789,0.772,0.772,0.784,0.795,0.772,0.854,0.9,1.0,0.908,0.967,0.877
hatecheck_reddit,gemma2_2b_it,reddit_hsc,zero-shot,0.4,0.329,0.435,0.374,0.744,0.272,0.789,0.783,0.972,0.783,0.783,0.794,0.8,0.811,0.783,0.778,0.784,0.783,0.749,0.93,0.7,0.985,0.93,1.0
hatecheck_reddit,gemma2_2b_it,reddit_hsc,few-shot-random,0.262,0.232,0.339,0.269,0.767,0.333,0.784,0.794,0.958,0.789,0.789,0.8,0.789,0.8,0.783,0.795,0.778,0.789,0.731,0.94,0.667,0.954,0.988,1.0
hatecheck_reddit,gemma2_2b_it,reddit_hsc,few-shot-diverse,0.462,0.242,0.581,0.456,0.7,0.444,0.789,0.789,0.931,0.783,0.8,0.772,0.8,0.828,0.783,0.778,0.784,0.794,0.813,0.98,0.733,0.985,0.992,1.0
hatecheck_reddit,gemma2_2b_it,reddit_hsc,few-shot-nearest-query,0.292,0.14,0.194,0.316,0.778,0.901,0.749,0.728,1.0,0.761,0.772,0.789,0.794,0.772,0.778,0.784,0.789,0.772,0.819,0.94,0.967,0.908,0.951,0.827
hatecheck_reddit,llama3_2_3b_instruct,reddit_no_definition,zero-shot,0.046,0.309,0.065,0.351,0.794,0.42,0.778,0.789,0.993,0.783,0.778,0.778,0.782,0.789,0.778,0.778,0.778,0.778,0.69,0.54,0.967,0.615,0.786,0.994
hatecheck_reddit,llama3_2_3b_instruct,reddit_no_definition,few-shot-random,0.308,0.565,0.597,0.544,0.715,0.728,0.749,0.8,0.853,0.772,0.781,0.8,0.788,0.733,0.778,0.789,0.778,0.778,0.889,0.9,1.0,0.923,0.979,1.0
hatecheck_reddit,llama3_2_3b_instruct,reddit_no_definition,few-shot-diverse,0.354,0.585,0.677,0.553,0.689,0.741,0.759,0.794,0.819,0.789,0.792,0.806,0.8,0.733,0.778,0.805,0.778,0.8,0.924,0.96,1.0,0.938,0.988,1.0
hatecheck_reddit,llama3_2_3b_instruct,reddit_no_definition,few-shot-nearest-query,0.646,0.903,0.919,0.842,0.683,0.951,0.684,0.694,0.889,0.572,0.678,0.767,0.717,0.761,0.8,0.708,0.795,0.744,0.982,1.0,1.0,1.0,0.996,1.0
hatecheck_reddit,llama3_2_3b_instruct,reddit_hsc,zero-shot,0.262,0.092,0.371,0.082,0.806,0.469,0.784,0.778,0.986,0.778,0.778,0.783,0.783,0.772,0.778,0.778,0.778,0.789,0.637,0.86,0.967,0.892,0.807,1.0
hatecheck_reddit,llama3_2_3b_instruct,reddit_hsc,few-shot-random,0.338,0.319,0.613,0.38,0.728,0.654,0.766,0.794,0.91,0.783,0.782,0.811,0.794,0.722,0.778,0.784,0.778,0.783,0.754,0.91,1.0,0.923,0.967,1.0
hatecheck_reddit,llama3_2_3b_instruct,reddit_hsc,few-shot-diverse,0.477,0.314,0.661,0.38,0.711,0.704,0.789,0.783,0.903,0.778,0.789,0.817,0.811,0.739,0.778,0.795,0.778,0.806,0.807,0.94,1.0,0.938,0.975,1.0
hatecheck_reddit,llama3_2_3b_instruct,reddit_hsc,few-shot-nearest-query,0.615,0.831,0.823,0.643,0.744,0.889,0.743,0.761,0.958,0.706,0.756,0.8,0.778,0.839,0.828,0.749,0.83,0.8,0.947,1.0,1.0,1.0,0.996,1.0
hatecheck_reddit,qwen2_5_3b_instruct,reddit_no_definition,zero-shot,0.077,0.628,0.274,0.503,0.744,0.543,0.754,0.778,0.84,0.744,0.772,0.794,0.794,0.789,0.772,0.778,0.778,0.778,0.865,0.68,0.8,0.8,0.86,1.0
hatecheck_reddit,qwen2_5_3b_instruct,reddit_no_definition,few-shot-random,0.385,0.932,0.758,0.947,0.483,1.0,0.515,0.572,0.264,0.606,0.544,0.594,0.5,0.706,0.739,0.62,0.749,0.689,0.994,0.99,1.0,1.0,0.996,1.0
hatecheck_reddit,qwen2_5_3b_instruct,reddit_no_definition,few-shot-diverse,0.708,0.903,0.823,0.953,0.428,1.0,0.503,0.55,0.194,0.594,0.494,0.55,0.433,0.594,0.7,0.673,0.749,0.7,1.0,1.0,1.0,0.985,0.996,1.0
hatecheck_reddit,qwen2_5_3b_instruct,reddit_no_definition,few-shot-nearest-query,0.646,0.976,0.677,0.93,0.694,1.0,0.544,0.561,0.604,0.656,0.678,0.761,0.689,0.711,0.728,0.766,0.784,0.75,0.994,1.0,1.0,1.0,0.996,0.988
hatecheck_reddit,qwen2_5_3b_instruct,reddit_hsc,zero-shot,0.477,0.464,0.629,0.462,0.711,0.741,0.713,0.756,0.625,0.767,0.783,0.761,0.828,0.822,0.778,0.766,0.784,0.806,0.848,0.98,0.9,0.985,0.938,1.0
hatecheck_reddit,qwen2_5_3b_instruct,reddit_hsc,few-shot-random,0.662,0.7,0.742,0.708,0.639,0.963,0.591,0.7,0.354,0.7,0.733,0.722,0.778,0.8,0.778,0.737,0.772,0.811,0.959,1.0,0.933,1.0,0.984,1.0
hatecheck_reddit,qwen2_5_3b_instruct,reddit_hsc,few-shot-diverse,0.815,0.773,0.855,0.842,0.561,1.0,0.561,0.628,0.257,0.628,0.622,0.622,0.639,0.656,0.722,0.696,0.778,0.783,0.982,1.0,1.0,1.0,0.988,1.0
hatecheck_reddit,qwen2_5_3b_instruct,reddit_hsc,few-shot-nearest-query,0.738,0.787,0.548,0.743,0.75,1.0,0.737,0.683,0.694,0.772,0.767,0.789,0.767,0.761,0.761,0.795,0.784,0.778,0.865,1.0,1.0,0.985,0.979,0.981
mean_accuracy,,,,0.396,0.494,0.503,0.539,0.694,0.697,0.705,0.713,0.715,0.722,0.725,0.734,0.735,0.735,0.739,0.741,0.745,0.749,0.847,0.896,0.898,0.92,0.944,0.978
