scope,aspect,value,in_scope,n_samples,error_hsc,error_nodef,n_eval_hsc,n_eval_nodef,pred_hateful_hsc,pred_hateful_nodef,delta_hsc_minus_nodef
Bulgaria,Consequences,violence,True,603,0.5305417357656164,0.5200442355543268,7236,7234,0.9617191818684356,0.941387890517003,0.01049750021128959
Bulgaria,Consequences,"violence, discrimination",True,72,0.48139534883720925,0.4901277584204413,860,861,0.9046511627906977,0.8687572590011614,-0.00873240958323207
Bulgaria,Consequences,hate,True,1312,0.4723069105691057,0.47372434390290397,15744,15737,0.8492123983739838,0.8124165978267777,-0.0014174333337982903
Bulgaria,Consequences,discrimination,True,288,0.43489583333333337,0.44624746450304265,3456,3451,0.7954282407407407,0.7528252680382498,-0.011351631169709275
Bulgaria,Consequences,(none),False,1357,0.23876197494473106,0.22598870056497178,16284,16284,0.23876197494473103,0.22598870056497175,0.01277327437975928
Bulgaria,Consequences,"hate, discrimination",True,2,0.04166666666666663,0.08333333333333337,24,24,0.9583333333333334,0.9166666666666666,-0.04166666666666674
Bulgaria,Dominance,no,True,2676,0.4286782110377476,0.41263708873379856,32108,32096,0.6816369752086707,0.6433511964107677,0.01604112230394905
Bulgaria,Dominance,yes,True,666,0.321071071071071,0.3178575897885121,7992,7991,0.6418918918918919,0.6153172318858716,0.0032134812825589387
Bulgaria,Dominance,(none),True,292,0.21432648401826482,0.30736301369863017,3504,3504,0.21432648401826485,0.3073630136986301,-0.09303652968036535
Bulgaria,Explicit reference,"group characteristic, stereotype",True,70,0.4369047619047619,0.46071428571428574,840,840,0.736904761904762,0.7011904761904761,-0.023809523809523836
Bulgaria,Explicit reference,stereotype,True,153,0.42864923747276684,0.4536532170119957,1836,1834,0.7652505446623094,0.7257360959651036,-0.025003979539228838
Bulgaria,Explicit reference,slur,True,306,0.40876906318082784,0.38528610354223436,3672,3670,0.48175381263616557,0.45177111716621254,0.02348295963859348
Bulgaria,Explicit reference,group characteristic,True,2486,0.39422690089848467,0.3905228210201549,29828,29819,0.7060144830360735,0.6805727891612731,0.003704079878329769
Bulgaria,Explicit reference,(none),False,580,0.364367816091954,0.3474137931034482,6960,6960,0.364367816091954,0.3474137931034483,0.01695402298850579
Bulgaria,Explicit reference,"slur, stereotype",True,39,0.2799145299145299,0.35256410256410253,468,468,0.8098290598290598,0.7542735042735043,-0.07264957264957261
Bulgaria,Group insult,yes,True,2061,0.48398576512455516,0.48424161508273655,24728,24717,0.8747169200905855,0.8418092810616176,-0.0002558499581813978
Bulgaria,Group insult,no,True,216,0.472608024691358,0.467953667953668,2592,2590,0.8676697530864198,0.8324324324324325,0.004654356737689991
Bulgaria,Group insult,(none),True,1357,0.23876197494473106,0.22598870056497178,16284,16284,0.23876197494473103,0.22598870056497175,0.01277327437975928
Bulgaria,Target groups,disability,False,372,0.676747311827957,0.6299283154121864,4464,4464,0.676747311827957,0.6299283154121864,0.046818996415770586
Bulgaria,Target groups,sexual orientation,False,439,0.6106362773029439,0.5816384717734271,5265,5261,0.610636277302944,0.5816384717734271,0.028997805529516807
Bulgaria,Target groups,gender,False,1089,0.5887349812504783,0.5694486983154671,13067,13060,0.5887349812504783,0.5694486983154671,0.019286282935011223
Bulgaria,Target groups,(none),False,292,0.21432648401826482,0.30736301369863017,3504,3504,0.21432648401826485,0.3073630136986301,-0.09303652968036535
Bulgaria,Target groups,nationality,True,359,0.15250696378830086,0.1696843082636954,4308,4308,0.6989322191272052,0.6446146703806871,-0.01717734447539454
Bulgaria,Target groups,religion,True,372,0.13440860215053763,0.1328405017921147,4464,4464,0.7795698924731183,0.7291666666666666,0.0015681003584229192
Bulgaria,Target groups,race,True,711,0.13408345053914672,0.13493552168815948,8532,8530,0.773089545241444,0.7297772567409144,-0.0008520711490127564
Reddit,Consequences,(none),False,1357,0.2538688282977155,0.23644291592458389,16284,16283,0.25386882829771557,0.2364429159245839,0.017425912373131625
Reddit,Consequences,discrimination,True,288,0.24594907407407407,0.3034163288940359,3456,3454,0.8263888888888888,0.7637521713954835,-0.057467254819961844
Reddit,Consequences,"violence, discrimination",True,72,0.2375434530706837,0.27441860465116275,863,860,0.9339513325608343,0.8906976744186047,-0.03687515158047905
Reddit,Consequences,hate,True,1312,0.23672510162601623,0.2668360864040661,15744,15740,0.8749364837398373,0.8474587039390089,-0.030110984778049854
Reddit,Consequences,violence,True,603,0.22263681592039797,0.23400138217000688,7236,7235,0.964759535655058,0.9492743607463718,-0.01136456624960891
Reddit,Consequences,"hate, discrimination",True,2,0.04166666666666663,0.08333333333333337,24,24,0.9583333333333334,0.9166666666666666,-0.04166666666666674
Reddit,Dominance,yes,False,666,0.634009009009009,0.6240770867225629,7992,7991,0.634009009009009,0.6240770867225629,0.009931922286446127
Reddit,Dominance,(none),True,292,0.2303082191780822,0.324486301369863,3504,3504,0.2303082191780822,0.324486301369863,-0.09417808219178081
Reddit,Dominance,no,True,2676,0.14493475755971474,0.15279897822497746,32111,32101,0.7069540033010495,0.6653686801034235,-0.007864220665262711
Reddit,Explicit reference,(none),False,580,0.3903735632183908,0.3679597701149425,6960,6960,0.3903735632183908,0.3679597701149425,0.022413793103448265
Reddit,Explicit reference,slur,True,306,0.3172657952069716,0.28882833787465945,3672,3670,0.5193355119825708,0.4825613079019074,0.028437457332312177
Reddit,Explicit reference,stereotype,True,153,0.2570806100217865,0.3137254901960784,1836,1836,0.7930283224400871,0.7418300653594772,-0.05664488017429192
Reddit,Explicit reference,"group characteristic, stereotype",True,70,0.25476190476190474,0.3063170441001192,840,839,0.7785714285714286,0.7270560190703218,-0.05155513933821443
Reddit,Explicit reference,"slur, stereotype",True,39,0.2008547008547008,0.23076923076923073,468,468,0.7991452991452992,0.7692307692307693,-0.02991452991452992
Reddit,Explicit reference,group characteristic,True,2486,0.19664107807314535,0.21684605841129334,29831,29823,0.7196205289799202,0.6980853703517419,-0.020204980338147993
Reddit,Group insult,(none),True,1357,0.2538688282977155,0.23644291592458389,16284,16283,0.25386882829771557,0.2364429159245839,0.017425912373131625
Reddit,Group insult,yes,True,2061,0.23456390764627388,0.263257958820436,24731,24721,0.8974161982936396,0.8661461914971077,-0.028694051174162127
Reddit,Group insult,no,True,216,0.22878086419753085,0.2588734567901234,2592,2592,0.8668981481481481,0.8568672839506173,-0.03009259259259256
Reddit,Target groups,race,True,711,0.4220581340834505,0.40890973036342326,8532,8530,0.7528129395218003,0.7082063305978898,0.013148403720027235
Reddit,Target groups,gender,True,1089,0.26432999158184745,0.27530240391976724,13067,13062,0.6243973368026325,0.6091716429337009,-0.01097241233791979
Reddit,Target groups,(none),False,292,0.2303082191780822,0.324486301369863,3504,3504,0.2303082191780822,0.324486301369863,-0.09417808219178081
Reddit,Target groups,nationality,True,359,0.1634168987929434,0.17688022284122562,4308,4308,0.6949860724233984,0.6457753017641596,-0.01346332404828221
Reddit,Target groups,sexual orientation,True,439,0.1503416856492027,0.15026595744680848,5268,5264,0.6469248291571754,0.6191109422492401,7.572820239420963e-05
Reddit,Target groups,religion,True,372,0.13485663082437271,0.13597670250896055,4464,4464,0.7764336917562724,0.7291666666666666,-0.0011200716845878311
Reddit,Target groups,disability,True,372,0.12724014336917566,0.14516129032258063,4464,4464,0.7432795698924731,0.6836917562724014,-0.017921146953404965
