scope,group,n_samples,error_rate_HSC,error_rate_No Definition,n_eval_HSC,n_eval_No Definition,still_pred_hateful_HSC,still_pred_hateful_No Definition
Bulgaria,Excluded target: disability,261,0.8697318007662835,0.8189655172413793,3132.0,3132.0,0.8697318007662835,0.8189655172413793
Bulgaria,Excluded target: gender,751,0.7820441682388193,0.7612172367836517,9011.0,9004.0,0.7820441682388192,0.7612172367836517
Bulgaria,Excluded target: sexual orientation,261,0.8759987216363055,0.8416,3129.0,3125.0,0.8759987216363055,0.8416
Bulgaria,Excluded: Target groups,1273,0.8192771084337349,0.7895288644256602,15272.0,15261.0,0.8192771084337349,0.7895288644256602
Bulgaria,Excluded: Target groups [Gemma-2],1273,0.9208562450903378,,5092.0,,0.9208562450903378,
Bulgaria,Excluded: Target groups [Llama-3.2],1273,0.86812106918239,,5088.0,,0.86812106918239,
Bulgaria,Excluded: Target groups [Qwen2.5],1273,0.6688923802042419,,5092.0,,0.6688923802042419,
Bulgaria,In-scope (still hateful),1004,0.056523904382470125,0.09397310310476503,12048.0,12046.0,0.9434760956175299,0.906026896895235
Reddit,Excluded dominant group: men,237,0.6930379746835442,0.7229254571026723,2844.0,2844.0,0.6930379746835443,0.7229254571026723
Reddit,Excluded dominant group: white people,237,0.9244022503516174,0.8923672177277524,2844.0,2843.0,0.9244022503516175,0.8923672177277524
Reddit,Excluded: Dominance,474,0.8087201125175809,0.8076314401266045,5688.0,5687.0,0.8087201125175809,0.8076314401266045
Reddit,Excluded: Dominance [Gemma-2],474,0.9024261603375527,,1896.0,,0.9024261603375527,
Reddit,Excluded: Dominance [Llama-3.2],474,0.8560126582278481,,1896.0,,0.8560126582278481,
Reddit,Excluded: Dominance [Qwen2.5],474,0.6677215189873418,,1896.0,,0.6677215189873418,
Reddit,In-scope (still hateful),1803,0.08292119251213315,0.11957828539720705,21635.0,21626.0,0.9170788074878669,0.880421714602793
